total_time,sample_size,cov_prob,cov_prob_se,int_width,int_width_se
5.765333333333334,100,0.9,0.03015113445777636,357.7297663964526,3.74077449086401
5.765333333333334,250,0.97,0.01714466079977653,353.037919520034,2.8387289141538767
5.765333333333334,500,0.88,0.032659863237109045,358.94299306733376,1.7805930758243413
5.765333333333334,1e3,0.96,0.019694638556693237,345.31784764034313,1.4400275546128867
5.765333333333334,2e3,0.94,0.023868325657594204,353.4131472363017,1.1398573229157631
