total_time,level,sample_size,cov_prob,cov_prob_se,int_width,int_width_se
6.232933333333333,0.95,100,0.96,0.019694638556693237,354.0841479441406,3.4044528227406117
6.232933333333333,0.95,250,0.95,0.021904291355759033,338.5752997352355,3.0005304450262855
6.232933333333333,0.95,500,0.98,0.014070529413628968,346.8958636299105,1.4644677437480513
6.232933333333333,0.95,1e3,0.96,0.019694638556693237,340.87810799729436,1.445154863088266
6.232933333333333,0.95,2e3,0.93,0.02564323999762428,344.82186660897037,1.0530526119135886
