total_time,level,sample_size,cov_prob,cov_prob_se,int_width,int_width_se
0.14625000000000152,0.95,20,0.94,0.016834995854681272,4.157730317516612,0.0490360969637271
0.14625000000000152,0.95,30,0.93,0.018086892447072265,4.022809160921993,0.040053800406921386
0.14625000000000152,0.95,50,0.93,0.018086892447072265,4.085884676832965,0.02828616936585463
0.14625000000000152,0.95,100,0.95,0.015449707678033374,3.9367843029723306,0.020640022366043984
0.14625000000000152,0.95,250,0.94,0.016834995854681272,3.9443551624320676,0.013005654259027827
0.14625000000000152,0.95,500,0.955,0.014695399751940971,3.930216923944503,0.008868687780061262
0.14625000000000152,0.95,1e3,0.935,0.017475754920753817,3.9163354157023234,0.005572107705884658
0.14625000000000152,0.95,2e3,0.955,0.014695399751940971,3.9275169414700493,0.004176224690268291
