total_time,level,sample_size,cov_prob,cov_prob_se,int_width,int_width_se
7.649949999999998,0.95,20,0.87,0.033799766898963114,97.29,1.8099776771880893
7.649949999999998,0.95,30,0.92,0.027265992434429075,100.01,1.6804577899603381
7.649949999999998,0.95,50,0.98,0.014070529413628968,102.85,1.2896146946301676
7.649949999999998,0.95,100,0.97,0.01714466079977653,107.48,0.9684393359807043
7.649949999999998,0.95,150,0.97,0.01714466079977653,108.54,0.8280950513929026
7.649949999999998,0.95,200,0.94,0.023868325657594204,107.25,0.7686239836765623
7.649949999999998,0.95,250,0.95,0.021904291355759033,107.96,0.6416393146472635
7.649949999999998,0.95,500,0.98,0.014070529413628968,107.99,0.5084130588250447
7.649949999999998,0.95,1e3,0.97,0.01714466079977653,107.9,0.4028935744377568
