total_time,level,sample_size,cov_prob,cov_prob_se,int_width,int_width_se
11.34318333333334,0.95,26,0.96,0.012418408411301325,9.88,0.09054941627171649
11.34318333333334,0.95,50,0.98,0.008872139507342692,10.588,0.07900627802821422
11.34318333333334,0.95,76,0.94,0.015050117079158739,15.816,0.10615862950544291
11.34318333333334,0.95,100,0.956,0.012997373846574952,20.216,0.13676327274193292
11.34318333333334,0.95,126,0.964,0.011805655169278138,23.532,0.13675786946072885
11.34318333333334,0.95,150,0.956,0.012997373846574952,16.632,0.08484751264242475
11.34318333333334,0.95,176,0.972,0.010454721651927281,7.352,0.037389515958547226
11.34318333333334,0.95,200,0.944,0.014570697336899635,14.512,0.05703011252785461
