total_time,level,sample_size,cov_prob,cov_prob_se,int_width,int_width_se
7.673766666666669,0.95,20,0.98,0.014070529413628968,22.88,0.08678313851960605
7.673766666666669,0.95,30,0.96,0.019694638556693237,26.37,0.08245598764789552
7.673766666666669,0.95,50,0.97,0.01714466079977653,22.72,0.07118052168020875
7.673766666666669,0.95,100,0.94,0.023868325657594204,41.86,0.09213516640723503
7.673766666666669,0.95,250,0.95,0.021904291355759033,37.39,0.0941683427043121
7.673766666666669,0.95,500,0.9,0.03015113445777636,32.08,0.07341593144474154
7.673766666666669,0.95,1e3,0.93,0.02564323999762428,25.68,0.06945676658355486
7.673766666666669,0.95,2e3,0.94,0.023868325657594204,39.44,0.0924634790038475
