Time,sample_size,cov_prob,cov_prob_se,int_width,int_width_se
437.97599999999966,20,0.92,0.027265992434429075,37.63,0.10411241011231054
437.97599999999966,30,0.98,0.014070529413628968,39.29,0.09670845491747479
437.97599999999966,50,0.96,0.019694638556693237,40.49,0.09586922911398157
437.97599999999966,100,0.97,0.01714466079977653,22.71,0.07148497051899098
437.97599999999966,250,0.96,0.019694638556693237,18.35,0.05388914922357194
437.97599999999966,500,0.95,0.021904291355759033,38.19,0.10317681205316698
437.97599999999966,1e3,0.94,0.023868325657594204,26.57,0.07282884321503676
437.97599999999966,2e3,0.93,0.02564323999762428,26.14,0.06819461159435583
